{
    "BLEU-1": 0.51185473571458,
    "BLEU-2": 0.2503739659655669,
    "BLEU-3": 0.1282864776566701,
    "BLEU-4": 0.07170892180668795,
    "METEOR": 0.29728272862759486,
    "rouge-l-f": 0.29625151298968005,
    "rouge-l-p": 0.29704610060561887,
    "rouge-l-r": 0.30936352556567304
}