{
    "BLEU-1": 0.7714089949229456,
    "BLEU-2": 0.6225264743527166,
    "BLEU-3": 0.49319518644093424,
    "BLEU-4": 0.38598378634069885,
    "METEOR": 0.5796788661477921,
    "rouge-l-f": 0.5671397465903291,
    "rouge-l-p": 0.603212371382615,
    "rouge-l-r": 0.558553290144808
}